{
  "oocana-log-panel": {
    "viewMode": "events",
    "sessionViewMode": "current"
  },
  "sharedBlockExplorerInit": false,
  "defaultSharedBlockTemplate": "typescript",
  "designer/flow/test": {
    "viewport": {
      "x": 236.79665815437625,
      "y": 120.30848950152779,
      "zoom": 0.7503050290919796
    }
  },
  "designer/flow/test2": {
    "viewport": {
      "x": 547.0972160024859,
      "y": -2.3495538254605326,
      "zoom": 1.1729947952885682
    }
  }
}