{
  "oocana-log-panel": {
    "viewMode": "events",
    "sessionViewMode": "current"
  },
  "sharedBlockExplorerInit": false,
  "defaultSharedBlockTemplate": "typescript",
  "designer/flow/test": {
    "viewport": {
      "x": -17.96994936678857,
      "y": -404.37652877186963,
      "zoom": 0.969609015639808
    }
  },
  "designer/flow/test2": {
    "viewport": {
      "x": 547.0972160024859,
      "y": -2.3495538254605326,
      "zoom": 1.1729947952885682
    }
  }
}