{
  "oocana-log-panel": {
    "viewMode": "events",
    "sessionViewMode": "current"
  },
  "sharedBlockExplorerInit": false,
  "defaultSharedBlockTemplate": "typescript",
  "designer/flow/test": {
    "viewport": {
      "x": 165.99810377941117,
      "y": 131.05367030075251,
      "zoom": 0.44498674152122986
    }
  },
  "designer/flow/test111": {
    "viewport": {
      "x": 146.2338930203496,
      "y": 49.49108618225833,
      "zoom": 1.1645018116653687
    }
  }
}